author,text,likeCount,publishedAt,Sentiments
@kaelidance,I am in AWE of how they built the sets and all the dancers and the costumes,41813,2025-10-05T23:06:43Z,neutral
@Mywonderland13,"Sheâ€™s the definition of â€œevery color suits meâ€  blonde, dark, redâ€¦ all flawless!",41648,2025-10-05T22:57:35Z,positive
@BlairCall-c4l,I love how she used her Eras team!! The dancers!! They are incredible!,67270,2025-10-05T23:06:40Z,positive
@hypnotic-knock,This may be her best song yet.  The lyrics.  The tenor in her voice.  The production is far and above anything previous.  She just keeps getting better.,125,2025-11-08T00:24:59Z,positive
@SwifTea013,"this might be her best mv yet, the visuals, the choreography, the storytelling, the wigs everything is so on point and when you say you canâ€™t be amazed this woman just does it again",59457,2025-10-05T23:05:15Z,positive
@WATERMEL0NLIPSTICK,"The seamless, smooth transitions between scenes is actually magical. This is one of her BEST music videos literally ever",16294,2025-10-05T23:55:46Z,positive
@urielbrg,whoâ€™s here before 1 million??,25155,2025-10-05T23:21:29Z,neutral
@LienRuD,"Hello everyone! I'm a 31-year-old woman from Russia, and I didn't understand why the world was going crazy over an ordinary pop singer. I'd heard news about her and her popularity, but I rarely listened to snippets of her songs and couldn't comprehend it. Recently, the internet was buzzing about her new album, and I decided to finally listen to her from start to finish, as well as watch her music videos. My world was completely turned upside down! I've been rejecting this diamond for years, but now I can't get enough of her voice, the beauty of her music videos, her lyrics, and her live performances! I just have a lump in my throat, but I'm in the same swamp as you, and I'm very happy!!! ğŸ™ğŸ»â¤ï¸ğŸ˜­",15,2025-11-08T15:44:38Z,positive
@iamrilxyy,100M views!! â¤,4765,2025-11-02T14:14:04Z,neutral
@HeisenbergFam,Everyone who worked on this MV deserves a raise,18125,2025-10-05T23:03:10Z,neutral
@taylorhzx,3:57 VIDEO OF THE YEAR,9686,2025-10-05T23:04:27Z,neutral
@agungmulyanaiskandar8918,"i love taylor when she singing Country, but she also great at POP.",4,2025-11-08T16:47:23Z,positive
@mylenar.1350,I cannot believe she finally chose the best song on the album as lead single . With a mv that gives it justice LOVED LOVED LOVED,5697,2025-10-06T00:01:25Z,positive
@katepgirl,"She's mixing Shakespeare references, showgirls, and pure vibes. Iconic.",9906,2025-10-05T23:50:28Z,positive
@Gabby14477,Just came home from the cinema and saw this music video. This is 100% one of her best ones ever.,7885,2025-10-03T21:14:39Z,positive
@felipeaquino4508,someone listening today?,578,2025-11-08T11:28:45Z,neutral
@rtg7h,"The video is amazing but can we talk about the fact she brought the Eras Tour dancers to be a part of it? They were literally there with her on tour when she and Travis started, when he went on stage, when she changed the Karma lyrics, and now are here when she's singing about him changing her heart's faith. That's so lovely â¤ï¸â€ğŸ”¥",2813,2025-10-05T23:05:36Z,positive
@cwoissant_22,This is arguably her best music video ever and the fact that it's self directed is insane wow,5883,2025-10-05T23:28:13Z,positive
@martinooonachef,"ğŸ’š She opened her diary and let the world read
ğŸ’› She taught us to be fearless
ğŸ’œ She taught us to speak now and use our voice
â¤ï¸ She was there through the heartbreaks
ğŸ©µ She showed us itâ€™s okay to begin again
ğŸ–¤ She taught us that even people can be snakes
ğŸ©· She showed us love is worth itâ€”even if it doesnâ€™t last
ğŸ©¶ She taught us that storytelling can heal
ğŸ¤ She reminded us itâ€™s okay to feel deeply
ğŸ’™ She stayed with us through the sleepless nights
ğŸ¤ She taught us that even pain holds poetry
â¤ï¸â€ğŸ”¥ She reminded us that even in chaos, we can still take the stage and be a showgirl / showboy",4574,2025-10-05T23:30:04Z,positive
@serhatocal3653,The best Taylor Swift performance I've ever seen and the best song I've ever heard.,74,2025-11-07T15:10:02Z,positive
@GloRida96,"the orange bird flying out of the window in the final scene - remember her in an orange outfit in a bird cage in the look what you made me do video? She was caged, and now she's free. ğŸ§¡",7219,2025-10-06T01:11:35Z,positive
@paulkolo11,"Who else saw it already in the cinema? Cant wait for the video to drop, I just LOVE the storytelling! One of Taylorâ€™s best music videos ever, itâ€™s such a great production ğŸ§¡ğŸ¶",4376,2025-10-05T14:28:06Z,positive
@tttccc4539,"I have to say, her directing skills have really improved. From her early work The Man to this new one, she has made so much progress.",1709,2025-10-05T23:07:37Z,positive
@lilibeth5246,"Since 2006 making the world stop, love you Taylorâ¤ï¸",10,2025-11-08T16:43:07Z,positive
@jeremydoeshair,I STILL canâ€™t believe she filmed this in silence with just an ear piece so the music wouldnâ€™t get leaked!!! I could never!!!! â¤â¤â¤â¤â¤â¤,2474,2025-10-06T00:14:49Z,neutral
@UpulArangalla,"This isnâ€™t a MVâ€¦ itâ€™s a movie, a poem, and a masterpiece all in one...",904,2025-10-06T01:54:28Z,neutral
@Malwandlasmile,"finally 100M views, now aiming to 200Mâ¤",5,2025-11-08T15:40:51Z,neutral
@justinkevindubreuil,"I SO GET IT! the last album she WAS Ophelia, a tortured poet drowning in her heartbreak and then she met Travis and he rescued her from that fate and now sheâ€™s reclaiming her story - like ğŸ˜­ğŸ˜­â¤ï¸â¤ï¸",1921,2025-10-05T23:21:37Z,neutral
@beauteapolitan,WE NEED MUSIC VIDEOS FOR ALL THE TRACKS IN THIS ALBUM!!! ğŸ˜­,1098,2025-10-06T05:42:49Z,neutral
@narunde,This isnâ€™t just a music video â€” itâ€™s a cinematic experience. Taylorâ€™s mind >>>,2614,2025-10-06T00:01:32Z,neutral
@Tuckrzrrider,The red outfit is so pretty,6,2025-11-08T17:09:45Z,positive
@MacyXoxo01,"THE LOOKS
THE CHOREOGRAPHY
THE DANCERS
TAYLOR OFFICIALLY MADE HER BEST MUSIC VIDEO EVER OMG",1258,2025-10-05T23:10:13Z,positive
@ch-w6309,I've seen the music video in the cinema and I'm sure everyone will love it. I think this is Taylor Swift's most invested music video for an album release in years.,1858,2025-10-04T03:12:43Z,positive
@beginshowgirl,"saw this in the cinema, i am back because i love it sm.",1484,2025-10-05T21:29:45Z,positive
@JosephMwansa007,"No doubt this song is absolutely a masterpiece, and one of my favorites so far. And the visuals, the choreography, the storytelling, and the dancers are absolutely incredible.",31,2025-11-07T13:27:41Z,positive
@CherrieK_13,"my guy this is INSANE. The absolute detail, the bread, the â€˜kittyâ€™ on the film snappy thingy, the letters on the chalkboard, the Oscar on the bathroom floor. Youâ€™ve done it again Taylor.",1927,2025-10-06T06:02:03Z,negative
@sirgourabhimself,"Every time I think sheâ€™s peaked, she proves me wrong again. The growth, the artistry, the emotion â€” sheâ€™s literally once in a generation ğŸ«¶",1467,2025-10-05T23:30:07Z,negative
@ttalgi1211,"a picture of travis on the mirror, 87 on the door, and the football catch!!! oh this lover girl ğŸ¥¹ğŸ˜­ and she released this today on his birthday!!!",4118,2025-10-05T23:17:39Z,neutral
@AidalizSanabria-v7n4k,"Taylor giving us so much talent before 2006, I Canâ€™t believe how much you came in these years, Taylor Swiftâ€¦",3,2025-11-08T17:40:53Z,positive
@andy07.r,"""Late one night, you dug me out of my grave... and saved my heart from the fate of Ophelia."" This is a pure masterpiece. ğŸ¤¯ğŸ¬ğŸ˜­",1388,2025-10-05T22:42:27Z,negative
@LeonieGenevieve-x2h,âœ¨ I love how she transitions through different time periods-different Ophelias across eras. It feels like sheâ€™s a time traveler weaving through history. âœ¨,455,2025-11-05T00:45:25Z,positive
@Baileejordanross,Didnâ€™t see anyone talking about itâ€” but the hotel room she goes into at the end of the video is â€œ87â€. Travis is literally her safe space at the end of the night!!,719,2025-10-06T01:07:47Z,positive
@amandaplzmusic,Congratulations on being the worldâ€™s top artist âœ…,4,2025-11-08T15:34:59Z,positive
@FelicityPlayz,0:26 HER SOURDOUGH MADE IT!!! congrats sourdoughğŸ‰ğŸ‰ğŸ‰,1295,2025-10-06T03:56:59Z,neutral
@gvd3975,No oneâ€™s commented yet about how she worked the cover into the ending! I was so confused about the artwork for this album but now I get it.,289,2025-10-06T14:17:10Z,negative
@kendravlad,"THE SETS, THE TRANSITIONS, THE OUTFITS, THE STORYTELLING, THE DANCERS EVERYTHING IS SHOWSTOPPING",1203,2025-10-06T08:20:02Z,neutral
@lolmeditando13,OPHELIA ğŸ’™,4,2025-11-08T16:44:33Z,neutral
@OTWHOME,"She is officially the only other artist besides Prince to simultaneously hold the No. 1 film, song, and album in the United States. Icon WHO OWNS HER HARD WORK!!",778,2025-10-06T00:08:34Z,negative
@anushkasatam8093,The small orange door icon ğŸšª at the bar is just so cute and iconic. The small details !,2129,2025-10-06T11:36:54Z,positive
@Grace-j8q8g,I keep listen to the WHOLE album over and over again. NONSTOP .,271,2025-10-06T12:26:36Z,positive
@Poppy-l4i,Is it just me or Iâ€™m not a swiftie but this song is one of my fav songs,3,2025-11-08T16:11:22Z,neutral
@MelMelfa-z9p,"This era is soo fun , Taylor Swift thank you â¤",3001,2025-10-05T22:26:14Z,positive
@Opheliahhamlet,"â€œThe fate of Opheliaâ€ made me fall in love with my name again ğŸ©µ 
Used to hate my name growing upâ€¦ now it feels like poetry. Thank you, Taylor Swift âœ¨",439,2025-10-06T02:38:57Z,negative
@noneofyourbussiness921,i saw this today in the movies! it was literally the best ever,514,2025-10-04T05:56:13Z,positive
@123100ozzy,this is a banger im a swftie now,4,2025-11-08T17:03:26Z,neutral
@arty14,Hands down to the best music video of the year. Not gonna be surprised if this gets a grammy. Totally deserving.,3227,2025-10-05T22:54:35Z,positive
@Fearless_swiftie85,"THIS IS HER BEST MUSIC VIDEO EVER, I went and saw it in theaters, and it blew me awayâ€¦ the production is STUNNINGâ€¦",1311,2025-10-05T00:45:18Z,positive
@Ajgamer11099,So happy we got the acoustic version!,2,2025-11-08T17:26:51Z,positive
@elianalieberman4827,THE FACT THAT SHE IS RELEASING THIS ON TRAVISâ€™S BIRTHDAY!!,2296,2025-10-05T20:59:44Z,neutral
@leannedonnon1015,"Letâ€™s take a moment to appreciate that SOURDOUGH BREAD â€” absolute culinary and symbolic brilliance! You could feel how proud she was to bake it herself and feature it in the video. It wasnâ€™t just bread; it was a metaphor for warmth, growth, and artistry. And the video? Utterly transcendent. Visually stunning, emotionally rich â€” easily my favorite music video of hers, and honestly, maybe of anyoneâ€™s. Taylor, radiant and in love, is the version of her that feels most alive. And Travis? Thank you for showing up with grace and strength, matching her energy and being the partner she deserves. This era is everything.",606,2025-10-06T00:06:16Z,positive
@shelbyhyoung,this is genuinely one of the best music videos iâ€™ve ever seen???? obsessed!,1403,2025-10-05T23:25:18Z,positive
@lolmeditando13,lets go for 200millionâ¤,5,2025-11-08T15:42:38Z,neutral
@BadBoy-cb4fv,"THE LOOKS 
THE CHOREOGRAPHY 
THE DANCERS
TAYLOR OFFICILLY MADE HER BEST MUSIC VIDEO EVER OMG",589,2025-10-06T06:37:48Z,positive
@K-Isles1989,"Her referencing all the Showgirls who had tragic endings, I see Marilyn Monroe and it really just made me realize some of these Showgirls were our modern Ophelias, Taylor just had a much better support especially from family ğŸ¥ºğŸ¥º",413,2025-10-05T23:09:52Z,positive
@HesterSteele,Did anyone notice when you pause the video the icon that shows you where you are in the video as far as time is an orange door opened!!!! I swear she is so freaking brilliant!!,570,2025-10-11T15:21:34Z,positive
@fatanehfouroudi1385,"With orange hair in the ship , she is look like the girl play in POLDARK series.ğŸ§¡",1,2025-11-08T17:24:21Z,neutral
@coolcatjennie26,Thank you Taylor for reminding women and men everywhere to be authentic to themselves and hold out for someone who loves and respects you.,303,2025-10-05T23:33:00Z,positive
@hxathxr,I love how she shows what it means to be a â€œshowgirlâ€ in each era of time. Such genius,1937,2025-10-06T18:37:24Z,positive
@englishgirlforever,That music video made the entire cinema speechless. Taylor dropped a masterpiece â¤ï¸â€ğŸ”¥,915,2025-10-04T18:51:10Z,neutral
@Tuckrzrrider,I love all the patterns on the railings,2,2025-11-08T17:13:02Z,positive
@BriForReal93,This is â€˜THEâ€™ anthem for any of us who FINALLY found â€˜their personâ€™ after the nonsense before hand â¤ what a love story.,647,2025-10-06T05:30:15Z,positive
@thepolishlatina,I love how the dancers from the Eras tour are here. â¤ She protects the family,763,2025-10-06T06:07:14Z,positive
@LolesPG,"Dear TAYLOR SWIFT, please never stop creating songs as amazing as this one.",485,2025-10-05T23:48:03Z,positive
@Aadyapotterhead4ever11,Imagine hearing this again 10 years later ğŸ˜­â¤,10,2025-11-08T02:34:42Z,neutral
@ktcnfld,"I think the mere fact that she used all of her Eras tour back up dancers for her video shows that my girl is loyal, and everybody that ever worked for her has nothing but positive things to say, and they usually stay working with her for years and years.I loved recognizing so many of the dancers. Theyâ€™re all so talented and beautiful.",281,2025-10-06T19:18:04Z,positive
@arn_otarie,"I saw it in theater and honestly, it deserves all the awards for best music video next season.... i'm speechless â¤ï¸â€ğŸ”¥",970,2025-10-04T13:00:03Z,positive
@carlosjperez739,"Honestly this has got to be my favorite Taylor swift video, it is so well referenced and directed; love the transitions and both the references to the Ophelia painting, ending with her own version with eyes wide open. This is a win.",985,2025-10-06T13:07:20Z,positive
@veronicaisi6151,Itâ€™s just perfect. Every second feels like pure magic. Taylor created a masterpiece.â¤ï¸â€ğŸ”¥â¤ï¸â€ğŸ”¥â¤ï¸â€ğŸ”¥,3,2025-11-08T15:32:42Z,positive
@KirKaizen,That last scene is so iconic!,162,2025-10-06T04:57:01Z,positive
@melaniepenelope_,I'm so happy she's happy and returning to her roots with fairytale themes <3333333 The looks in this video are freakin dynamite!,904,2025-10-12T03:29:03Z,positive
@nicoleprata3167,"Seeing her now, so carefree, happy, and finally at peace with her body after everything she went through during the 1989 World Tour, almost brings me to tears. Looking back at those photos and videos, I realize only now the struggle she was facing and how cruel social media was from calling her 'too skinny, like a stick' to 'sheâ€™s let herself go, sheâ€™s put on weight. It just proves that no matter how much you change, people will always find a way to judge and tear you down. Thatâ€™s why itâ€™s up to you to ignore them and start loving yourself in the way that feels right for you",351,2025-10-05T23:25:23Z,positive
@yukilufpink,Addictive. Still is. Will forever be,7,2025-11-08T10:21:44Z,neutral
@gmarnic16,"I love how when Taylor became more involved in directing and producing her work, her visuals became more and more creative. Her creativity in music and lyrics transcended into her visuals and i love it! Its so playful and artsy",589,2025-10-07T12:59:01Z,positive
@andy07.r,THIS SONG WILL EXPLODE THE ENTIRE YOUTUBE ğŸ˜†ğŸ˜†,2312,2025-10-05T22:28:54Z,neutral
@Layla-jn7bq,IVE LITERALLY JUST NOTICED THE OSCAR ON THE FLOOR NEXT TO THE BATHTUB AT THE ENDâ€¦. her eye  for detail is out of this world I swearrrr â¤ï¸â€ğŸ”¥â¤ï¸â€ğŸ”¥â¤ï¸â€ğŸ”¥â¤ï¸â€ğŸ”¥,241,2025-10-06T01:03:05Z,neutral
@JustDanceBeyblade,One of my favorites!! â¤â¤â¤,3,2025-11-08T16:20:54Z,neutral
@cheekyramen,"As someone who was a teenage fan when she released Love Story, and now as an adult hearing The Fate of Ophelia, it healed something in me",361,2025-10-06T00:01:36Z,positive
@EmoryS-g7m,"â€œIf you never found me, I mightâ€™ve drowned in the melancholyâ€ WHAT A LINE!!!!! Ms. Swift, you never fail to amaze me",383,2025-10-05T23:34:47Z,negative
@wailinglikeanimbecile,"i saw in the cinema, and yall, it was JAW DROPPING AND AMAZING as always!! i love this era and this album so much",500,2025-10-05T18:15:23Z,positive
@veronicaisi6151,"Which era is your favorite?! ğŸ’– Honestly, itâ€™s basically impossible â€” every single one is iconic and perfect in its own way!!ğŸ§¡ğŸ§¡ğŸ§¡",3,2025-11-08T15:58:59Z,positive
@Suki-s4c,"Iâ€™m not a swiftie but I cannot help rooting for this lady. She is just so talented, kind, real and absolutely stunning. She is one of the best role model for younger generations. Iâ€™m so happy my daughter has her to look up to.",205,2025-10-10T22:12:38Z,positive
@Nymphinia99,Whichever staff member originally recommended the idea of putting this in theaters deserves a bonus cause experiencing this in theaters was absolutely amazing. Shout out to them and the entire team that worked on this cause the work is amazing :),708,2025-10-05T23:00:40Z,positive
@cheddarandsourcream,As a guy whoâ€™s never been a big Taylor Swift fan I can say this song is an undeniable bop and the best song Iâ€™ve personally heard from her.,530,2025-10-26T18:13:32Z,positive
@Kenducks,Taylor Swift is the music industry,3,2025-11-08T17:43:32Z,neutral
@celinekasim,This might be one of her best mvs hands down,309,2025-10-06T04:32:33Z,positive
@RedbitRedbitGoldx,"It doesn't matter! Whether you're happy, sad, or depressed... Taylor Swift... always has a video or song for you.",830,2025-10-06T16:50:23Z,positive
@AnaLuisa-xi3lm,"omg, the Last part when she dances with her band so ""we are never getting back together"" coded",597,2025-10-06T11:20:07Z,neutral
@lesleyk3793,can we have a moment for the choreography?! the dancers never heard the song theyâ€™re dancing to and every movement matches every beat. thatâ€™s incredible â¤,217,2025-10-06T00:20:38Z,positive
@veronicaisi6151,"Itâ€™s so perfect. Iâ€™m addicted to it. The visuals, the lyrics, the emotion â€” everything is pure magic. Taylor outdid herself once again. I canâ€™t stop watching and listening, itâ€™s truly a masterpiece.â¤ï¸â€ğŸ”¥â¤ï¸â€ğŸ”¥â¤ï¸â€ğŸ”¥",2,2025-11-08T15:29:13Z,positive
@carasmerita,"The nod to ""we r never getting back together"". The reputation outfit ""dressed"" up;  This song showcases all of her ""eras"" as a showgirl. Also our Taylor is full of colour again!!!! U can FEEL how happy she is",774,2025-10-05T23:51:29Z,positive
@ARS850H,I can see why she has such a huge following. This song made me feel like i was crusing on the highway with the windows down while the sun is setting behind me,490,2025-10-08T23:43:31Z,negative
@HorseThing6767,"The MV, the dancing, the looks, the choreography... everything is PERFECT! Taylor Swift never disappoints",254,2025-10-05T23:13:30Z,positive
@bgtsfreds,This song just brings happiness!,3,2025-11-08T17:56:35Z,positive
@yara5502,"Perfect MV!!!!! My sister is a dancer and said it is genius because it alludes to a very specific gogo style 70Â´s era of dancing. The video takes you through eras of performing. From the OG visual art, to shakespearean live theater, vegas showgirl, 30Â´s showgirl and nautical choreo.",283,2025-10-05T23:12:12Z,positive
@taybrinafan13,Dare I say this is her best MV?!!â¤ï¸â€ğŸ”¥â¤ï¸â€ğŸ”¥,344,2025-10-05T22:01:27Z,positive
@NewLans14,"It's giving ""We Are Never Getting Back Together"" mv, 
you know like the scenes changing continuously and it all feels like it's in one take, and i absolutely love it!!!",440,2025-10-05T23:09:22Z,positive
@Caligirl56,I am OBSESSED with this song!!! FABULOUS productionğŸ’œğŸ’œğŸ’œ,10,2025-11-07T19:28:15Z,negative
@camposjohnmichael6640,The way she maximized the Eras Tour dancers in this MV is so lovely to watch ğŸ¥¹ğŸ˜,109,2025-10-06T00:04:56Z,positive
@TheOgreMan,I think people are finally coming around to the album after all that discourse on Friday.  This album is grower and gets better with each listen,91,2025-10-06T01:02:15Z,positive
@lazer4089,DARE I SAY MUSIC VIDEO OF THE YEAR (Saw it in the cinema and my jaw DROPPED),1707,2025-10-05T21:47:58Z,neutral
@gods_angel.__x,103M views lets go 200M â¤ğŸ‰,7,2025-11-07T09:40:07Z,neutral
@astrum4373,Seeing how she went from The Prophecy to The Fate of Ophelia is extremely beautiful <3 I love how she's so happy now.,123,2025-10-05T23:15:07Z,positive
@alaminkf1989,A masterpiece like this shouldnâ€™t end ğŸ˜­,456,2025-10-06T04:11:10Z,neutral
@sherrih6375,"Taylor Swift is that rare beauty that can be stunning in every outfit, every hair style and hair color. This is brilliant and I am 65 years old, certainly not her target audience, but I am so impressed with her anthem here. â¤",486,2025-10-06T08:15:48Z,positive
@veronicaisi6151,106 Million views â¤ï¸â€ğŸ”¥â¤ï¸â€ğŸ”¥â¤ï¸â€ğŸ”¥,3,2025-11-08T15:27:30Z,neutral
@nowthisisloneka1408,"If this music video doesnâ€™t win music video of the year?????? ILL COME FOR THEM, ILL START A RIOT",476,2025-10-03T21:32:28Z,negative
@bruna-oc1nw,"This music video is so well produced,  can't wait to see what she will do with Sabrina!!",492,2025-10-05T22:26:33Z,neutral
@ChriselgineMinas,This music takes over Asia for real â¤,4,2025-11-08T16:40:03Z,positive
@Lady_Nebula,The picture of Travis on the mirror at the beginning is seriously adorable,224,2025-10-06T04:22:22Z,positive
@andiedreamer,"as a swiftie who's been here since fearless era and pretty much has absolutely ADORE all of her visual concepts and MVs for each album and era, I can't help but to feel still that this is the best music video she's ever done, especially considering she's been directing them and writting them herself, I am just in absolute awe! Also, the fact that this video perfectly has that contrast between the classic and modern themes that the songs and lyricism in the album use so much too is just PERFECT, I love it and I love you so much Taylor!",354,2025-10-06T00:19:50Z,positive
@thusphongpatcharapiriyacho3432,Canâ€™t deny this MV is flawless,208,2025-10-06T02:09:21Z,positive
@Newchapter-1902,Trying not to be Taylor's fan is impossible in a million yearsâ¤â¤â¤â¤â¤â¤â¤,8,2025-11-07T20:21:02Z,negative
@Lundynpwsly,The wigs are EVERYTHING!! Taylor with long red hair was something I never knew I needed!!ğŸ˜­ğŸ˜­ğŸ™Œ,219,2025-10-06T01:54:15Z,negative
@keithmcnamee1129,And this is how you do a music video ğŸ”¥,260,2025-10-06T11:10:21Z,neutral
@emillylopezjara6559,THE best music video she has ever ever done. Masterpiece!,396,2025-10-06T02:43:50Z,positive
@NOONE-pk4dm,Not a fan but her visuals is insanee sheâ€™s so beautiful,6,2025-11-08T06:41:41Z,positive
@EphraimDaoust,"She's an icon, she's a legend, she is the moment, like......it's Taylor Swift!",197,2025-10-03T21:14:24Z,neutral
@giselmaria8312,"I saw Raye, I saw Chapelle, I saw Florence, I saw Sabrina and a hint of Christina with the voice of Taylor.",134,2025-10-06T00:24:29Z,neutral
@vleek07,So wild that all of the dancers only heard the click track while rehearsing and filming so that the song could remain private. ğŸ§¡,151,2025-10-06T00:30:40Z,positive
@AGbuteraofficial,"I donâ€™t listen to Taylor, but I really like this one. Itâ€™s been stuck in my head",5,2025-11-08T04:45:22Z,positive
@carldeshazer7946,"I've enjoyed her since she was into country music and now this. She is just so talented, I'm hooked, I'm proud to call myself a 74-year-old Swifty Fan. My wife loves her too.",933,2025-10-06T01:46:14Z,positive
@Thyna85,"already saw this in cinema, and dangggggg i canâ€™t wait till itâ€™s out
edit: guys weâ€™re so close to 767 likes!ğŸ˜‚",813,2025-10-05T22:26:20Z,neutral
@Mr.PerfectlySwift,"â€œKeep it 100 on the land, the sea, the sky, pledge allegiance to your hands, your team, your vibesâ€ one of the best melodies of Taylor career and this video is a masterpieceâ¤ï¸â€ğŸ”¥",854,2025-10-05T23:00:28Z,positive
@opheliamaestro,I love Taylor âœ¨ï¸,3,2025-11-08T15:57:06Z,positive
@chrispix61,"I'm a hard rock drummer, I caught part of this in an Instagram snippet posted, and I had to go searching for this song, it is one of the catchiest things I've ever heard",353,2025-10-10T09:41:13Z,negative
@vil8604,"from painting to popstar, she did a homage for every showgirl's journey.",783,2025-10-06T13:53:24Z,neutral
@noorahnn376,She literally looks like a renaissance painting!!,560,2025-10-06T04:19:04Z,neutral
@veronicaisi6151,Taylor. Wow. Every hairstyle and hair color looks absolutely amazing on you! ğŸ˜âœ¨ğŸ’–,2,2025-11-08T15:57:07Z,positive
@mfl3765,So much symbolism in this video of how she's been treated through the years in her professional life and how she's come through the other side. Love this song,295,2025-10-14T03:40:07Z,positive
@immarussian2722,Saw it in theaters and I think it might be her best music video yet ğŸ¥¹,467,2025-10-05T15:38:33Z,positive
@ethanchadwick1104,Jason and Travis brought me here. Itâ€™s taken 12 albums to be here. The melodies and beats to this album are so catchy. Hope itâ€™s not to late to join the fandom,368,2025-10-07T19:58:25Z,negative
@JaFranek,Max Martin you still got this!!!,3,2025-11-08T15:44:00Z,neutral
@VictorrSantoss-u2u,"I'm not a fan of Taylor Swift, but this song stuck in my head, I listen to it almost every day",672,2025-11-01T16:18:20Z,neutral
@EditedByEyekons,Its been only 8 days... IM ALREADY SO OBSESSED WITH THIS SONG.,534,2025-10-14T12:14:10Z,negative
@rosesnwines-q8d,THAT LITTLE ORANGE DOOR ON YOUTUBE'S VIDEO DURATION BAR !!!! ğŸ§¡ğŸ§¡ğŸ˜­ğŸ˜­,240,2025-10-06T06:27:03Z,negative
@patty5676,This is absolutely fantastic,7,2025-11-07T19:21:50Z,positive
@sebastiancaro1618,I just know Taylor was soo proud of herself for catching that football ğŸˆ you already know she wanted that part in there soo bad and probably rehearsed so much for it ğŸ™ŒğŸ¼ sheâ€™s literally awesome the definition of legendary.,190,2025-10-06T03:08:30Z,positive
@RC-ol7qh,"Am no Taylor Swift fan but honestly this girl works for her money.
I love this tune - well thought out lyrics. Loving it all the way from England. ğŸ”¥ğŸ”¥ğŸ‘ğŸ¾ğŸ‘ğŸ¾",309,2025-10-21T19:29:55Z,positive
@MelissaBibza,The video makes the song so much better,261,2025-10-06T21:28:42Z,positive
@cara_tiernan11,Just watched it in the cinema oh my goodness one of her best music videos ever made!!â¤ï¸â€ğŸ”¥â¤ï¸â€ğŸ”¥,469,2025-10-03T21:05:39Z,positive
@1568-n3o,"Believe me this is masterpiece..
Wake me up when it hits billions..",195,2025-10-06T03:08:53Z,neutral
@chocolategiraffe,This song got 31 million streams in its first DAY on Spotify. Taylor is literally on another level,124,2025-10-06T00:29:51Z,positive
@MR-df6fe,"Dang it. Welp gotta admit this song is catchy. After a decade of not being a fan, here I am lmao.",9,2025-11-07T16:44:27Z,positive
@Netanell,"It doesnâ€™t matter if youâ€™re a fan of Taylor Swift or not, this song is a masterpiece.",721,2025-11-06T15:08:21Z,neutral
@MissRepas24,"Anyone noticed in the first hotel scenario, the painting on the top of the stairs, behind the chandeleer, is of her and max martin and shellback?",166,2025-10-06T07:39:19Z,positive
@Noorove,The storytelling feels like watching a painting come aliveâ€¦ only Taylor can do this â¤ğŸ”¥,293,2025-10-06T05:14:09Z,neutral
@terrancemorrisey7723,I love my ol school hip hop but this jam here has become. One of my top 10's to listen to.....congratulations Taylor and Travis on the engagement ğŸ’ ğŸ˜Š,10,2025-11-07T18:38:15Z,positive
@kirschestrahl7734,âœ¨ I love how she transitions through different time periodsâ€”different Ophelias across eras. It feels like sheâ€™s a time traveler weaving through history. Pure magic <3 âœ¨,308,2025-10-06T00:43:56Z,positive
@annamariamott3080,"Iâ€™m not a Taylor swift fan, I donâ€™t like most of her songs, but for the first time Iâ€™ve loved a song by her, this song is so catchy and genius!!",178,2025-10-06T19:56:03Z,positive
@LastMinuteSuggestions101,The foot ball catch Easter egg was so cyuuute,411,2025-10-06T01:48:08Z,neutral
@vanilla_ckookies_are_so_sweet,"She's all - Red Rose
 					- Snow White
					- Opelia
					- Cinderella",6,2025-11-07T03:07:16Z,positive
@mistyashcraft2149,Did anyone else notice that the thing that tells you where you are in the video is an orange door? ğŸ˜Š,275,2025-10-06T22:18:20Z,neutral
@thisismeandmystory,"Non Swiftie here (don't come for me). This is by far one of the best videos and songs I've heard in some time. It gives the artistry of Bowie, Gaga, Gwen Stefani, and Elizabeth Taylor but in one video.   Kudos to one of the smartest business women who happens to sing and have an excellent creative mind.",306,2025-10-06T00:15:53Z,positive
@ZJoshuaZBarberZ,"""Drowning In Melancholy"" simple but impactful lyric. ğŸ§¡",91,2025-10-05T23:10:45Z,positive
@TrendDropOfficial,"The most PERFECK ğŸ˜ BEAUTIFUL and natural PERSON I ever seen. Her vibes, her eyes SMILEğŸ˜ğŸŒˆ",4,2025-11-08T03:15:49Z,positive
@szymonnietubyc11,"Everyone keeps writing about great scenery and performances but lets be honest, the melody is the main reason this song is so catchy and has so many views",211,2025-10-20T20:37:35Z,positive
@magriborius.9881,"What an impressive music video. Spectacular script, staging, choreography, and costumes. Not to mention the rhythm, lighting, and how well it adapts to the music. A level of quality rarely seen.",225,2025-10-17T14:18:31Z,positive
@alecsgerswincarillo5848,"ATTENDANCE CHECK, SWIFTIES â¤â¤",2,2025-11-08T18:04:26Z,neutral
@dylandaiya,did she put something addictive in this song? I can't stop listening ,217,2025-10-06T02:13:15Z,neutral
@laurenbates491,2:56 love the detail of the chalkboard behind her being the first letter of the words of each track with its corresponding number,219,2025-10-05T23:14:31Z,positive
@__stalloneyaunce,"Keep it one hundred on the land (land), the sea (sea), the sky
Pledge allegiance to your hands, your team, your vibes ğŸ©°ğŸ’ƒğŸ¿ğŸ•ºğŸ¿ğŸª­â¤ï¸â€ğŸ”¥ (this part hits me) ğŸ§¡",139,2025-10-06T01:37:12Z,neutral
@mahnooorzahra,"let us make it hit streams upto 200M this month!!!! cuz this deserves as it associates with art of ophelia's story, better than clueless songs nowadays.",6,2025-11-07T15:25:49Z,positive
@LaserBadler,I donâ€™t own a single Taylor Swift album and I just wandered in here out of curiosity but this song is so beautiful and melancholic and upliftingâ€¦â€¦.,236,2025-10-08T20:50:19Z,positive
@ml7031,This video is incredible and really shows how much Taylor has been developing her directing skills. Deserves the Grammy without a doubt,278,2025-10-05T23:01:19Z,positive
@CedragonMusic,2:54 you can see the album track initials on the wall ğŸ˜±,223,2025-10-05T23:13:47Z,neutral
@urvidedhia8628,THIS IS LIKE THE BEST FUSION OF ALL HER MUSIC VIDEOS SO FAR IM IN LOVE,112,2025-10-06T04:02:51Z,positive
@tiffyp2192,Her being with all of her eras tour back up dancers making me emotional,279,2025-10-06T06:57:27Z,neutral
@DarilynnVanhell,"The outfits â¤ï¸â€ğŸ”¥
The sets â¤ï¸â€ğŸ”¥
The musicâ¤ï¸â€ğŸ”¥
Taylor â¤ï¸â€ğŸ”¥â¤ï¸â€ğŸ”¥â¤ï¸â€ğŸ”¥",190,2025-10-06T02:42:11Z,neutral
@ivanhoe1chlupik799,Amazing song and amazing women.,5,2025-11-07T20:29:26Z,positive
@MillyMaxgen,I JUST SAW IT AT THE RELEASE PARTY AND I CAN PROMISE TO YOU ALL ITS PERFECTION,129,2025-10-03T21:11:27Z,neutral
@wallszymusic,Taylor looks better than ever. Travis is the luckiest man on the planet.,190,2025-10-06T13:12:17Z,positive
@kathrynclayton9239,Iâ€™m 51. She finally got me. This is brilliant.,834,2025-10-23T22:42:55Z,positive
@wongyiuyu9284,I can watch all Taylor Swift music videos for the whole day because all are so beautiful and fond of TSğŸ˜ğŸ˜ğŸ˜ğŸ˜ğŸ˜â¤ï¸â¤ï¸â¤ï¸â¤ï¸â¤ï¸,1,2025-11-08T17:27:16Z,positive
@LanaKenz13,"GUYS! When you pause it, the little thing that shows you how far youâ€™ve watched, it is a little karma door!",148,2025-10-06T07:07:19Z,negative
@shahbodshirdely9783,"honestly, best taylor swift music video everrrrğŸ˜­ğŸ˜­ğŸ˜­ğŸ¥¹ğŸ˜",324,2025-10-06T03:39:30Z,positive
@joywitpeace,"This might become one of my all time favorite Taylorâ€˜s music videos. The mix of upbeat rhythm with such deep sorrow and melancholy is just... overwhelming â€” it moved me to tears.
Itâ€™s so cinematic, beautiful, and symbolic â€” feels like watching a full-on musical film. This music video truly deserves every bit of praise it gets. ğŸ¬ğŸ’”âœ¨",122,2025-10-05T23:17:35Z,positive
@IsabelleLauraoffical,105M VIEWS GUYS WE DID IT! âœ¨âœ¨,3,2025-11-08T06:51:28Z,neutral
@felixarturo2011,"Iâ€™m not  swifty  ,but I need to admit sheâ€™s incredible talented artist and this song is a master piece like many others",171,2025-10-06T21:57:55Z,positive
@Popickdra,"13 million views in 24 hours, it wouldnâ€™t be a Taylor Swift song without the number 13 appearing",1076,2025-10-06T22:57:42Z,neutral
@harperreeves1,3:10 this fit omg gorg,76,2025-10-06T06:34:10Z,positive
@favourorji,"HR: how has work been this week?
Me: Submits the Bandaids MV ğŸ˜…",2,2025-11-07T08:55:05Z,neutral
@Caylee,We need this video in 4k!! 1080p doesn't do it justice ğŸ˜­,85,2025-10-06T19:57:20Z,neutral
@samanthaford5114,Loving the reference to her grandmother in naming the showgirl Kitty Finlay â¤,150,2025-10-06T23:09:53Z,positive
@zaynified-r8y,This song is amazing love you Taylor Swift,2,2025-11-08T18:07:57Z,positive
@RedbitRedbitGoldx,The scenes??? The actors??? The costumes??? The visual??? The song??? The music video??? The colors??? The choreography??? The clothes??? The voice??? Taylor Swift??? The story??? EVERYTHING IS PERFECT TAYLOR SWIFT NEVER DISAPPOINTS.,953,2025-10-06T16:01:03Z,positive
@glendapatterson13,"3:51 I love the music video and this song. Also, this is the bathtub she was in, and her bejeweled outfit and jewelry items for when she did the photo album cover of the life of a showgirl! ğŸ©µ",363,2025-10-05T23:28:25Z,positive
@MiguelHernandez-eb6dl,What a thrill to hire his dancers from the eras tourâ¤ï¸â¤ï¸â¤ï¸ğŸ«¶ğŸ»,4,2025-11-08T00:49:18Z,neutral
@RedbitRedbitGoldx,It's a real work of art! This MV â¤.0:12,2566,2025-10-03T21:41:57Z,positive
@RedbitRedbitGoldx,Every time someone likes this comment i check it again!,46135,2025-10-04T02:32:59Z,neutral
@a.random.kittyy,Someone listening today?,4,2025-11-08T15:58:03Z,neutral
@ElizabethOmagbemi-u5l,"One thing about her is that she knows how to evolve she keeps changing, giving us something new. Love the colour the costume the imagery",132,2025-10-07T07:14:23Z,positive
@Shan-jb6ph,this is one of my favorite music videos by herâ€¦ i love the references to the real Ophelia,126,2025-10-06T02:04:59Z,positive
@artakat8099,I love how she used her Eras team!! The dancers!! They are incredible!,68,2025-10-11T02:55:24Z,positive
@veronicaisi6151,"All the Grammys, VMAs, and every other award belong to her for this masterpiece. ğŸ†ğŸ’–â¤",1,2025-11-07T09:48:35Z,negative
@LusineKalashyan,Her best mv yetğŸ˜­ğŸ˜­ğŸ˜­ I just LOVE this woman â¤ï¸,94,2025-10-06T07:38:36Z,positive
@sandrarehle1221,"It was sooooo extraordiniary watching it for the first and second time on the big screen in the cinema and I thought: 'How can I ever see it on a little screen?' Love it so much! 
ğŸ˜ğŸ¤©",212,2025-10-06T10:49:43Z,positive
@fluffykijgs1233,"Who's here before 100 million??

EDIT: YOUTUBE PLEASE MAKE THIS COMMENT TRENDING AGAIN SINCE THIS MASTERPIECE IS ABOUT TO HIT 100 MILLION! LET'S MAKE THIS HAPPEN RIGHT NOW! SWIFTIES FOREVER!",2756,2025-10-21T18:28:52Z,positive
@gods_angel.__x,One of her best albums â¤,2,2025-11-07T09:38:23Z,positive
@prudencekrasofski2207,I love how she used her dancers and Mandy Moore is an amazing choreograper!!!,61,2025-10-06T01:37:33Z,positive
@vibegoat-w5y,"This girl has never taken a break from music, she's been releasing every couple of months since she started",352,2025-10-21T14:45:36Z,neutral
@Eden-o3i,i absolutely love how all her albums covers are the scenes that make up this song itâ€™s sooo creative ğŸ©·ğŸ©·ğŸ©·ğŸ©·ğŸ©·,63,2025-10-06T00:42:01Z,positive
@GenremixStudio-ai,The single-take filming and editing techniques are absolutely incredible. Taylor really is something.,0,2025-11-07T08:50:56Z,positive
@jc2685,"This song is one of the catchiest songs Taylor has ever made.
Then, she came out with one of the most amzing music videos ever made. I'm not even a huge Swifty fan",319,2025-11-03T22:17:36Z,positive
@kiddgoldson,"I have to admit, I'm not a big Taylor Swift fan, This woman is a legend. She deserves her flowers right now!!!!",318,2025-10-16T14:03:25Z,positive
@deadpool6072,THIS IS ONE OF HER BEST MVs!,87,2025-10-06T04:48:25Z,positive
@QuizMinerr,I'm sure that in 5 years it will reach 1 billion views.ğŸ‰,2,2025-11-07T07:48:14Z,positive
@narunde,whos here before 100 million?,3319,2025-10-10T19:40:56Z,neutral
@eviehemingway7892,absolutely obsessed with this!!! the musical aspect is everything,129,2025-10-06T14:48:57Z,negative
@andy07.r,GREATEST BIRTHDAY GIFT FOR TRAVIS!!,400,2025-10-05T22:22:10Z,positive
@shellyortiz1977,She's a genius her voice the lyrics......great music,2,2025-11-08T06:23:38Z,neutral
@Craolaaaa,"The fate of Ophelia is a career highlight for her. The melodies, the sound, the chorus, the music video, literally a masterpiece! Thank you Taylor for giving me another song to be obsessed with for the next decade ğŸ˜‚",422,2025-10-06T03:48:28Z,neutral
@LeonardoLima-r9q,This era of taylor is very wonderful.,69,2025-10-12T02:32:49Z,positive
@sushicat313,Iâ€™ve never rewatched a music video as much as Iâ€™ve rewatched this one,247,2025-10-06T17:41:03Z,positive
@gods_angel.__x,Let's make this video a global top music video â¤,2,2025-11-07T09:39:17Z,positive
@jashley777,"Taylor explained how her music was so top secret at the time of filming this video that no one was actually dancing to music. Mandy Moore the choreographer, used a specific count per move to stay inside the beat of the song!Amazing!! This video is a masterpiece. â¤ğŸ‰",253,2025-10-29T18:06:55Z,positive
@Billie-f9w,"It's like a ""see you"" vibe. I thought it would be like ""I hate being here"" or ""cardigan,"" but this is even better.",77,2025-10-06T00:52:16Z,negative
@Laura-mi3nv,"Taylor Swift, today a man of the Silent Generation became a fan of you because I sent him this.  You hit all his buttons with the old school showgirl stuff.  He's 81 and was born in 44, but has always had a thing for the classic 30's movies and, of course, James Bond.  Why haven't you been a Bond girl yet?  Silent Generation fans, that's a beautiful accomplishment!",253,2025-10-07T01:13:28Z,positive
@MelienkeWheeler,â¤â¤â¤â¤â¤â¤â¤my faf song of the new playlistâ¤â¤â¤â¤â¤â¤â¤â¤â¤â¤â¤â¤â¤â¤â¤â¤1,6,2025-11-08T16:22:01Z,positive
@aquariusken1810,I love when a Taylor Swift album comes out and everyone gets the urge to release an official statement on the matter âœ¨,132,2025-10-04T11:54:43Z,positive
@eiliyahasab110,"Honestly a work of art, GET HER THAT GRAMMY!",258,2025-10-06T15:44:04Z,positive
@isthatpanosg5350,I think its the first time in my life that watch a Taylor video SO many times.,631,2025-10-18T23:07:31Z,positive
@rocklee3527,Who is watching it right now?,8,2025-11-07T19:33:03Z,positive
@leom_13,"Did anyone else notice that at 2:48, the slate says â€œKitty Finlay?â€

Kitty being a reference to the track The Life of a Showgirl, and Finlay was her grandmaâ€™s last name (Marjorie)",126,2025-10-06T05:07:15Z,neutral
@SRShelf,"How dare Taylor Swift release this mv in a cinema, NOW I have to include this to the list of things I'm envious about swifties.",84,2025-10-06T02:25:05Z,neutral
@garimachaudhary7041,"The hair is just perfection, the wigs are perfection",131,2025-10-06T09:23:56Z,neutral
@josephsmith7022,For all the hits this might be her best work like her or not sheâ€™s the greatest current entertainer â¤,2,2025-11-08T14:31:14Z,positive
@rileyyoung3459,Here I am. Playing this song an unhealthy amount of times just so it can be included in my annual spotify wrap up ğŸ˜­ğŸ˜­ğŸ˜­,141,2025-10-06T02:38:29Z,negative
@gwenisaweirdo,"like the eras tour, this video transitions between different aesthetics rapidly. and in the end, she's alone in a bathtub (like after each show). this album really is just the diary of a popstar and this music video reflects that!",57,2025-10-06T06:38:17Z,positive
@Anjojo-f7f,"The transitions, the mood of the setup, the costumes are just ... flawlessğŸ¤©",61,2025-10-06T22:39:08Z,neutral
@Lobster0977,Summer time sadness x Paparazzi,1,2025-11-08T16:15:21Z,neutral
@thelifeofashowgirll,Whoâ€™s here again after watching it for the 100th time? ğŸ˜­ Iâ€™m so obsessed I canâ€™t stop ğŸ«¶âœ¨,217,2025-10-06T17:06:14Z,negative
@deborahbosman3648,"Imagine releasing a video and 17 hours later  10 million people have watched it, this level of fame is insane",341,2025-10-06T16:29:38Z,negative
@TheMichelleCos,"Can we all take a moment to say how BEAUTIFUL she looks in every character!!!??? 

Also how MESMORISING TAYLOR  is and how she NAILS HER EYE CONTACT WITH THE CAMERA. ABSOLUTELY CAPTIVATING!!!!!!!!! Can't stop watching â¤ï¸â€ğŸ”¥â¤ï¸â€ğŸ”¥â¤ï¸â€ğŸ”¥â¤ï¸â€ğŸ”¥â¤ï¸â€ğŸ”¥â¤ï¸â€ğŸ”¥â¤ï¸â€ğŸ”¥â¤ï¸â€ğŸ”¥ well done Tay Tay",159,2025-10-11T00:27:56Z,positive
@danielasaavedratiria3247,"Si notaron en la parte donde estan las chicas sincronistas, la mano en el salvavidas (flotador) de la chica que tienen vitiligo, se nota que lo hizo a propÃ³sito  como inclusiÃ³n, otro pone una mano ""perfecta"" sin disonancia de tono. Fabulosa",2,2025-11-07T12:20:50Z,neutral
@Thegoalss,50M? in 5days? Taylor swift's fans never lie!ğŸ‘‘,383,2025-10-11T13:55:19Z,neutral
@SerenityNow81,I canâ€™t believe she made each scene in just one take. The accuracy and perfection of everyone in it is unbelievable.,99,2025-10-17T15:32:05Z,negative
@PuckychunCTV,"I love how Taylor handles art and the history of women in pop culture, while reinventing her narrative from a place of freedom and female power.",168,2025-10-13T03:58:02Z,positive
@thilankajayamal6439,Definitely this will win Grammy....,2,2025-11-07T08:40:21Z,positive
@atharvashinde2788,"1:49 Taylor, that squeak is everything",116,2025-10-06T00:37:24Z,neutral
@JetpackLiamG,3:24 my favorite part â¤ï¸â€ğŸ”¥â¤ï¸â€ğŸ”¥â¤ï¸â€ğŸ”¥,83,2025-10-05T23:01:00Z,positive
@carloryva,this video deserves an art gallery âœ¨,142,2025-10-06T14:15:54Z,neutral
@nathalieraimond1522,"Me, myself, i.... ğŸ§¡",2,2025-11-08T18:00:47Z,neutral
@VIVIEWHITE,"I have to admit, Iâ€™m not a HUGE fan of Taylor, but damn, DAAAAAMN GIRL. This video was beyond, the song is amazing, now I wanna see if she can do even better with â€œthe life of a showgirlâ€ with Sabrina.",171,2025-10-06T23:27:55Z,positive
@kristamorgan9178,"72 yr old grandma and 5 yr old granddaughter...I think we've become  Swifties! â¤
Love this new song/vid",137,2025-10-07T16:07:15Z,positive
@cristythomas3597,Have anyone talked about how when you pause it thereâ€™s an orange door at the button that show your progressğŸ˜®,356,2025-10-09T23:28:23Z,neutral
@HaansRaj,This whole album is gonna be so Gatsby Coded!! And I'm down for it â¤,1,2025-11-07T11:10:13Z,positive
@dianahernandez4073,I just came from the cinema and Iâ€™m dying to rewatch the videoğŸ˜©ğŸ˜©ğŸ˜©ğŸ˜®â€ğŸ’¨,167,2025-10-04T04:48:00Z,neutral
@jason5179,"Popular opinion: ""The Fate of Ophelia"" is the best song of The Life of a Showgirl",118,2025-10-06T01:50:22Z,positive
@cowfucian9725,"""pledge allegiance to your hands, your team, your vibes"" - the fate of Swifties",76,2025-10-06T02:24:19Z,neutral
@vertbeke7977,An album where every song is a banger... No skips... Remarkable...,3,2025-11-07T14:41:02Z,positive
@protap888,"Taylor has done it againâ€¦ every frame, every note, every emotion hits so deep. This song feels like a story coming alive â€“ absolutely mesmerizing!",97,2025-10-18T16:31:28Z,positive
@FakhsvHskjj,The editing is clear and easy to follow This deserves recognition.,60,2025-10-12T17:26:16Z,positive
@tonharris3374,Written and Directed by Taylor Swift ğŸ¤¯ğŸ¤¯ğŸ¤¯ğŸ¤¯,171,2025-10-06T02:43:47Z,neutral
@robnyse,"Wow the bathtub scene is genius, an ode to Ophelia drowning, this is ğŸ”¥",7,2025-11-06T16:31:27Z,positive
@URLOCALKATSEYEFANN,Iâ€™m not a swiftie but I LOVE THIS ITS LITERALLY VIBES ğŸ˜…,150,2025-10-09T09:01:01Z,positive
@HectorCastro-gg2jf,Almost 100k likes and the video hasn't even dropped ğŸ˜® the power of TaylorğŸ’¯,124,2025-10-05T18:41:36Z,neutral
@vernalearn,"0:24 cameo of Taylor's bread, the real hero of this mv.",162,2025-10-06T03:33:06Z,positive
@jonathangee9274,What a great song and video,3,2025-11-08T01:24:56Z,positive
@Harley-Quint,Her stylist/s and makeup artists know EXACTLY how to present her in the best light.,594,2025-10-30T16:06:19Z,positive
@fru1tas,"Happy 40 Million Views and Counting Taylor Swift's 'The Fate of Ophelia' M/V! 
Congratulations on the most streamed Album this year, Showgirl Taylor! ğŸ§¡ğŸ’š",93,2025-10-10T14:02:16Z,positive
@fru1tas,"Happy 80 Million Views and Counting Taylor Swift's 'The Fate of Ophelia' M/V! 
Congratulations on the most streamed Album this year, Showgirl Taylor! ğŸ§¡ğŸ’š",64,2025-10-25T13:47:48Z,positive
@t-j9u2i,Super Star by far.,2,2025-11-08T02:16:43Z,positive
@Ozzy1322,This music video truly reminds me like the times of 2014 when she put so much effort and released banger of a music videos after another. This is an absolute gem. Literally one of the rarest videos that actually deserved to hit one billion streams on youtube in this decade. Thank you Director Taylor for this bop â—ï¸â¤ï¸,112,2025-10-10T01:38:15Z,positive
@CindyEvens-nh2tm,Holy shit.  Her stylist/s and makeup artists know EXACTLY how to present her in the best light.  Of course she is amazingly beautiful.  And sheâ€™s in love.  We all look better in that light!,55,2025-10-16T03:24:18Z,positive
@JM-cu5gy,I love how the last part reminds me so much of the we are never getting back together mv and 3:25 looks so much like her 2013 BMA  22 performance ğŸ’£,95,2025-10-06T05:17:20Z,positive
@veronicaisi6151,"All the Grammys, VMAs, and every other award belong to her for this masterpiece. ğŸ†ğŸ’–â¤ï¸â€ğŸ”¥",8,2025-11-06T15:40:13Z,negative
@dzci6144,it's been two weeks and i'm still obsessed with this song and mv,731,2025-10-21T02:38:31Z,negative
@LolesPG,This is the best example of why TAYLOR SWIFT is still a FABULOUS artist.,63,2025-10-05T23:33:35Z,positive
@xGetAlive,I hope she makes a music video for all of the songs this time ğŸ«¶ğŸ¼,63,2025-10-06T04:00:13Z,neutral
@calentaylor2558,I literally cannot let the twins know I fw this kinda pop ğŸ˜­ ğŸ¥€,2,2025-11-08T03:17:56Z,neutral
@chrispatow,"2:09 IS MY FAVORITE PART, AMAZING JOB ğŸ›Ÿ",163,2025-10-05T23:07:39Z,positive
@zoejony,Damn I have finals and this song is stuck in my head and I can't stop listening to it It's addictive ğŸ¤¦â€â™€ï¸,64,2025-10-07T06:17:47Z,neutral
@Alex_ed1tzzà§,Music video of the year,63,2025-10-06T22:56:56Z,neutral
@OfficialRiceMuncherr,"Never have i been a fan of Taylor, but damn i cant get this out of my headğŸ˜­ğŸ˜­",3,2025-11-07T13:54:59Z,neutral
@christiankamsu36,"This music video is so exquisite, to the smallest detail. It's very dynamic, aesthetic and with a warm atmosphere! LOVED IT",71,2025-10-06T13:49:37Z,positive
@jenniferjohnson7279,"This was the first actual ts video I have ever watched, now I understand why she is so great, this was amazing.",75,2025-10-07T13:30:30Z,positive
@phungkhanhlinhofficial,ğŸ§¡ğŸ§¡ğŸ§¡ğŸ§¡ğŸ§¡ğŸ§¡ğŸ§¡ğŸ§¡ğŸ§¡ğŸ§¡ğŸ§¡ğŸ§¡,1209,2025-10-06T02:42:37Z,neutral
@FrancescoRoselli-r6o,100M of views in a month!!,3,2025-11-07T16:52:07Z,neutral
@BoujeeT13,I still canâ€™t get over how she points at her wedding ring for the â€œ saved my heart from the fate of Ophelia â€œ 3:21 then catches the football itâ€™s just so spot on of her â¤ï¸â€ğŸ”¥,132,2025-10-07T04:06:23Z,neutral
@michaelattwell7502,"Pleased to see that more than 400 years later, Shakespeare is still featuring in our popular culture! Iâ€™d love to know what heâ€™d have thought about the videoâ€¦",69,2025-10-07T00:04:26Z,positive
@joeylovestoflex,1:26 Taylor in the black hair reminds me of the mean girl she played in You Belong with meâ¤â¤â¤â¤â¤â¤â¤,1382,2025-10-06T00:49:20Z,negative
@Saajzchetri,You don't have to be a fan to liking this masterpiece I mean c'mon now admit this that this song is charting all over the world it's insane what a great music love Taylor Swift and har artwork,1,2025-11-07T11:03:29Z,negative
@gretamare2058,"BEST MV EVERR! The album is gorgeous, donâ€™t listen to the hateâ¤",55,2025-10-06T09:09:24Z,positive
@lovekatseyeakina,"iâ€™m personally not a taylor swift fan, but this might be one of the songs of the year. i canâ€™t help if itâ€™s so catchy! donâ€™t even get me started on the choreo",132,2025-10-13T10:35:34Z,neutral
@missgemmadarling,I can't get this song out of my head. Everything about it is just brilliant,160,2025-10-19T09:39:21Z,positive
@namesgamby,This might be her best song,1,2025-11-07T11:05:08Z,positive
@sii-s1z,Why did i listen to the critics ğŸ˜‚this is my first time listening to songs from her new album and man she actually ate here ğŸ˜‚â¤,179,2025-10-07T01:44:12Z,positive
@Crystal.Swiftie.Skiesà§,100% THE BEST MUSIC VIDEO TAYLOR HAS EVER MADE!!! â¤ï¸â€ğŸ”¥â¤ï¸â€ğŸ”¥â¤ï¸â€ğŸ”¥,128,2025-10-04T03:07:47Z,positive
@Lundynpwsly,"I'm not usually I big music video person! But this is so incredibly stunning!! The stories telling, the aesthetics, the sets everything ğŸ˜­ğŸ™Œ",76,2025-10-06T01:56:47Z,positive
@nelvacarabelli3394,Who's listening today to this masterpiece?,5,2025-11-07T18:36:39Z,neutral
@JanhaviMishra,This mv has only been out for 1 day and it's already living rent free in my head. She looks STUNNING in that brown wig!!,61,2025-10-07T08:11:57Z,positive
@computerrefurbishment9748,I am a heavy rock fan but this song is amazing. She has really matured as a performer and singer. Superb. I believe she also wrote and directed the video.,126,2025-10-19T08:56:59Z,positive
@ManiUssery,Love love love how she still has her dancers from the Eras tour with her.,110,2025-10-06T04:22:33Z,positive
@MiftahulJannah-kv1tt,"the concept of MV is magic and awesome, you can watch many time",2,2025-11-08T14:31:47Z,positive
@SuzanneMcCain,The Marilyn look is everything!,60,2025-10-07T16:07:03Z,neutral
@gayatrishetty-z8l,Miss Taylor Allison Swift U Came Back Stronger Than A 90s Trendâœ¨edit: This is the most likes I've gotten on a comment! Ps this is her best mv ever!!!â¤,263,2025-10-06T02:52:11Z,positive
@theearchve,Let me know when this M/V reaches 100M Views ğŸ§¡ğŸ’š,70,2025-10-10T14:04:08Z,neutral
@POVdubailife,just heard it today in the radio. LOVE IT!!!! didnt know twas taylor swift,1,2025-11-07T07:12:34Z,positive
@tingkumutum154,Why do i love hearing this song again again...,121,2025-11-02T14:09:04Z,positive
@DreamyVibezMusic,"This sound is so wonderful. The person who is reading this comment, I wish you great success, health, love and happiness!",640,2025-10-15T03:28:50Z,positive
@ElizabethJamal-z5v,"As a lifelong Swiftie, I can't stop replaying every lyricâ€”it's like she reached into my memories and turned them into pure gold",67,2025-10-30T14:19:51Z,positive
@Irllydontcare3,1:13 that part scratches my brain,3,2025-11-07T20:26:30Z,neutral
@_baert,"2:09 love the subtle vitiligo representation!  there are 30 other dancers they could have chosen to hold it, but they didn't!",237,2025-10-08T21:14:19Z,negative
@tara_zadah,"Just when I thought Taylor couldn't top herself, she does it again. The Fate of Ophelia is everything",186,2025-10-23T22:12:27Z,positive
@laryha,"How is it possible, that she gets prettier and prettier everytime?",61,2025-10-06T23:07:40Z,neutral
@FloatingLyrics-h3j,I donâ€™t know about anyone else but I think this is one of the best songs sheâ€™s ever done,0,2025-11-07T07:57:27Z,positive
@kchan1987,Older millennial here; perpetually listening to songs of the '80s. Yet this has been ON LOOP for the past 72 hours. A masterpiece!,114,2025-10-24T07:39:17Z,negative
@Sasha-wv3oy,I'm not a Swiftie but I actually like this one! Very beautiful!,288,2025-10-15T16:53:32Z,positive
@book.girlie_13,OMG ITS RELEASING ON TRAVISâ€™s AND MARJORIEâ€™s BIRTHDAYYYYY ğŸ˜­ğŸ˜­â¤ï¸â€ğŸ”¥â¤ï¸â€ğŸ”¥,75,2025-10-05T21:32:19Z,neutral
@FionaPiuma,i cant stop listening to it,3,2025-11-07T20:24:45Z,neutral
@lovelybouquet13,MY FAVORITE PART 3:36,291,2025-10-05T23:03:55Z,positive
@Ralsei_plushie,"TAYLOR LET ME SEE IT AGAIN, I ALREADY SAW IT AT THE CINEMA ğŸ˜­ğŸ˜­ğŸ™ğŸ™ğŸ™",114,2025-10-04T13:01:23Z,neutral
@theminecraftgirlofficial,Goddess ğŸ˜­ I'm obsessed! I don't get the hate for the new album! A song doesn't have to be lyrically complex to be Taylor Swift. She's happier.. she has a fiancee!!!! AHHHH SHE IS THE MOMENT â¤ï¸â€ğŸ”¥,105,2025-10-06T04:03:06Z,negative
@blankspac,I wonder what's the next single?,3,2025-11-08T13:41:17Z,negative
@abilenelortz5475,Notice how the open door that she walks through at 3:32 says 87 ? â¤ğŸ’›,106,2025-10-06T02:20:59Z,neutral
@RedOsabX_YT,"100M views in 1 month, Congratulations Taylor ğŸ‰ğŸ‰ğŸ‰ğŸ‰ğŸ‰",135,2025-11-05T15:22:41Z,neutral
@abonee,This music video feels like some premium worthy content,69,2025-10-06T02:35:37Z,positive
@WELOVETAYLORSVERSION13,103M views!! â¤,2,2025-11-07T08:22:10Z,neutral
@ElizabethEwing-g5y,"She's gorgeous as always, song is infectious, melody catches you up and gives groove.",96,2025-10-20T01:50:13Z,positive
@ivymural9201,i'm in love with this music video ğŸ˜­Bring me back,96,2025-10-07T21:15:19Z,positive
@Everkevinu,This song gives me those 2000â€™s and 2010â€™s vibes. Such a masterpiece,61,2025-10-27T21:01:32Z,neutral
@omar__17,"No sÃ© que me pasÃ³, yo soy un macho alfa y me gusta esta canciÃ³n",4,2025-11-07T19:44:40Z,neutral
@polychrome01,1:13 OBSESSED with this choreography... it's so satisfying ğŸ˜©ğŸ¤Œ,104,2025-10-07T10:01:30Z,neutral
@wallacetorrieri6435,people comlain that she can't dance and sing but nobody gives this type of fun and vibe. Taylor is great entertainer,56,2025-10-06T17:31:54Z,positive
@justheameyer5254,my new favorite on repeat can't get enough,69,2025-10-19T10:46:57Z,positive
@PoppyWarner-z6y,So calming to listen to before bed.,2,2025-11-07T18:40:43Z,neutral
@espreesso,"I swore I think Iâ€™ve listened to this song like 10000 times, itâ€™s so addictive, I mean this  you saved me from the fate of Ophelia.",57,2025-10-25T05:43:03Z,negative
@jenniferhately2423,This is honestly the best music video I've ever seen in my whole life!,56,2025-10-06T15:00:46Z,positive
@mikey6538,"I am not an Ms Swift fan at all but but but this song has me hooked like a 16 year old.. damn, I am a 62-year-old, actually.. addictive and I blame my grandchildren, but I can not let them know I really like this song",227,2025-10-13T13:56:02Z,positive
@anetasawinska2879,I'll come back here in 2026 and see how many likes it will have,3,2025-11-08T12:25:16Z,positive
@SawmiChhakchhuak-nv6xo,Someone listening today??,5322,2025-10-24T13:14:48Z,neutral
@seiikaaa,I NEVER listen to Taylorâ€™s songs but this one I canâ€™t stop listening to ğŸ˜,59,2025-11-02T13:58:00Z,neutral
@raquelmoritzfilm,"Okayyyy, cinematic masterpiece. She can truly rock any look, any era. So dang talented. This video is an instant classicğŸ¥",134,2025-10-23T19:27:48Z,positive
@robiny4457,Crazy how they danced to this without the actual song so it wonâ€™t leak lol,3,2025-11-08T02:12:25Z,positive
@christinkachelmann1707,Letâ€™s face it: Swift+Martin+Shellback= Hit records.ğŸ˜€,84,2025-10-06T10:22:13Z,neutral
@Stewart-px8ow,"I  am not really a Taylor Swift fan, but ever since I saw part of the clip of this song on instagram I found it really catchy and it lead to me here.",60,2025-10-10T12:38:04Z,positive
@marciodesouza4377,"Wonderful song, one of the best of her career!",63,2025-11-03T16:03:11Z,positive
@JayMarkOloverio-t1y,Eyy! 106M views,5,2025-11-08T15:33:33Z,neutral
@chikweluadaora151,Taylor just made us proud â€¦ She just reminded us of who she is ğŸ« ,51,2025-10-10T14:32:10Z,positive
@cirottos7288,Someone watches It today??,3658,2025-11-04T21:53:31Z,neutral
@polito-u7z,I adore this song more and more the more times I listen to it. Can't stop coming back here. This is one of my favourite Taylor's songs.,57,2025-10-09T20:53:12Z,positive
@nibalshapso397,This show is a piece of art,1,2025-11-08T06:29:26Z,neutral
@jnmks,come on guys let's get to 100M!!!,61,2025-11-03T14:34:54Z,neutral
@t_r_a_v_e_l_l_e_r,She literally played every word that she wrote in the song.ğŸ˜‚ğŸ‘ŒğŸ»ğŸ‘ŒğŸ»â¤ï¸â€ğŸ”¥â¤ï¸â€ğŸ”¥,68,2025-10-06T04:46:07Z,neutral
@McBrideGoronariyo,Anyone here today ? I swear I listen to this song everyday such a banger ğŸ”¥,295,2025-10-27T20:26:11Z,negative
@BiancaRedhead-Trettenbrein,"I'm not a swiftie, BUT this video is the embodiment of perfection ğŸ˜®",3,2025-11-07T13:47:27Z,neutral
@CaineRayBradbury1314,3:32 OMG she comes in through a door numbered 87â¤â¤,64,2025-10-09T20:06:55Z,neutral
@karlamay_,Her catching the ball at 03:30 ğŸ˜‚ ain't she a cutie?????? â¤â¤â¤,77,2025-10-05T23:08:33Z,positive
@traditionalboy7836,"Finally 100M today ğŸ˜
From Bangladesh ğŸ‡§ğŸ‡©",296,2025-11-05T03:26:37Z,neutral
@suziebacon,Lovin it!,3,2025-11-08T16:14:30Z,neutral
@sarahc7087,"Absolutely one of her best videos to date. Been obsessed since I saw it in the cinemas on Friday. The first big dance scene at 0:54 has been stuck in my head, as has the boat scene! I love how she brought back so many people from the eras tour for this video too ğŸ¥¹",51,2025-10-05T23:08:43Z,positive
@gegeamally,1:45 seem like princess meridaâ¤,197,2025-10-06T15:56:58Z,neutral
@patriciaemenpour1734,I just love her voice who agrees?,75,2025-10-26T14:08:53Z,positive
@CroissantsAreYum,I never really enjoyed taylor swift's music but this song is soooo addictive,4,2025-11-06T19:40:50Z,negative
@EricaCornelius-e9y,On 00:43 th Travis  kelse picture is on the mirror in the left back ground,154,2025-10-19T19:11:24Z,neutral
@Jackieu9m,"2:15 Ophelia drowning, meanwhile all the life guards",296,2025-10-06T04:22:34Z,neutral
@YtShorts-so8xe,0:20 Dit anyone notice that when you click the video progress bar there's a  door .oh Taylor ğŸ¤©ğŸ¤©,107,2025-10-05T14:42:33Z,neutral
@SamanahRizvi-i2q,Anyone today?????,3,2025-11-08T12:43:54Z,neutral
@AmakaSokari,Anyone today????????,5415,2025-10-18T16:28:21Z,neutral
@brinaswiftie.4ever,She literally had no budget for this music video! It's incredible!!ğŸ‰,53,2025-10-06T14:31:37Z,neutral
@bitbit1443,Who here it today??ğŸ’œ,168,2025-10-19T07:38:12Z,neutral
@dianebrown2131,This has to be my all time favorite of Taylor Swift's videos.  Total perfection,1,2025-11-08T05:17:21Z,positive
@orltattered,"3:45 ""And an Oscar on their bathroom floor"" - Wi$h Li$t",302,2025-10-05T23:14:16Z,neutral
@devank-tyagi,0:24 sourdough debut!!!,177,2025-10-06T01:52:57Z,neutral
@TrieschT,Yesterday was 30M and now it's 48M how did that happen,70,2025-10-10T18:22:20Z,neutral
@veronicaisi6151,Masterpiece â¤ï¸â€ğŸ”¥ğŸ”¥â¤ï¸â€ğŸ”¥,2,2025-11-07T09:51:20Z,neutral
@GigachadSnyder,3:29 is for Travis â¤â¤,53,2025-10-07T22:17:09Z,neutral
@bitbit1443,Someone today??,2461,2025-10-17T21:26:19Z,neutral
@SophieWilliams-h8m,0:37 That outfit is amazing,66,2025-10-23T16:34:55Z,positive
@redskaya,"Not a fan, but thiss crazee, such a magical",4,2025-11-08T10:16:25Z,positive
@bitbit1443,Someone here today???,3595,2025-10-26T12:18:53Z,neutral
@ErinRodgers-h9g,I love it how the football just slided in there,61,2025-10-14T15:12:36Z,positive
@vron.kate123,FIRST MINUTE GANG 1:22,71,2025-10-05T23:01:43Z,positive
@Speks_YT,I'm not a fan of taylor but this song is getting me addicted â¤ğŸ˜…,1,2025-11-08T03:59:10Z,negative
@sj.123,Someone listening today?,69,2025-10-25T12:26:53Z,neutral
@mckinley-lv2bn,1:42 jan found his ladder again,125,2025-10-05T23:49:00Z,neutral
@kellicady7932,At 1:08 she looks like the mom from spyÃ—family,575,2025-10-06T01:52:25Z,neutral
@lisaannphillips,"Favorite Taylor Swift video, hands down!!!",3,2025-11-08T00:33:32Z,positive
@SwrDes,1:37 entering her she got a wig era i see,50,2025-10-05T23:23:59Z,neutral
@laynz.y,WATCHING this SMASH HIT over and over again I'm obsessed,92,2025-10-09T16:08:45Z,negative
@EliasTheGreat715,0:35 Marilyn Monroe cameo,583,2025-10-05T23:39:18Z,neutral
@VxxNunuxvv,"Even though i dislike Taylor, I cant lie, this song is amazing",2,2025-11-07T14:06:09Z,positive
@icanthaveyouaroundmeanymore,0:30 KAMM!!!!!!,73,2025-10-05T23:11:02Z,neutral
@xiamthekayleex,1:51 she looks like chapel roan lol,57,2025-10-06T03:49:37Z,positive
@bitbit1443,Every time someone likes my comment i watch this video again>>>>ğŸ§¡,434,2025-10-26T12:18:36Z,neutral
@cxcfghj,Amazing ğŸ˜,2,2025-11-07T09:49:59Z,positive
@deHaas2011,I love that all the dancers are at a healthy weight!,2,2025-11-07T18:14:50Z,positive
@ryansiddiqui3665,"omg my queen, im so proud of you!!!!!!!!

you SLAYED SOOOOOO hard here, im in tears.

#feminism#hatemen#im6""3#hateperiods#womenrights",4,2025-11-07T18:57:18Z,positive
@rain-m9y,"Ophelia's Hamlet looks a lot like JV from Denver ""Nuggets""ğŸ¤©",2,2025-11-08T16:11:36Z,neutral
@MarcusDammannEmden,I Love this Song â¤,3,2025-11-07T18:42:40Z,positive
@Imtheepanda,Everytime this song pops up I think about her cute little friend she donated 100 000$ to â¤ï¸,1,2025-11-07T16:13:25Z,positive
@veronicaisi6151,"Sheâ€™s the best, most versatile, and most talented singer, songwriter, director, and actress on the planet â€” of all time. ğŸŒğŸ’–ğŸ”¥â¤ï¸â€ğŸ”¥",1,2025-11-07T09:49:56Z,positive
@JIMKALAM-u9d,3:25 the best partttâ¤,1,2025-11-08T15:45:04Z,positive
@douglasbrannon6525,"Taylor's  music has gotten 
more mature it seems.",1,2025-11-07T20:13:26Z,positive
@Okay_Pluto74874,Iâ€™m not even a big Taylor Swift fan but damn this song is amazingâ¤,1,2025-11-07T14:55:51Z,neutral
@liminal.spiral,"as a taylor swift hater, even i like this songğŸ˜­",1,2025-11-07T17:39:11Z,neutral
@matjakubowski7610,this hit,3,2025-11-08T10:07:48Z,neutral
@UnexpectedStream,Someone watches it today??,6,2025-11-08T10:10:13Z,neutral
@biancadominique8489,That woman's beauty exists outside of time.,1,2025-11-07T22:21:24Z,neutral
@ahmadsaleh464,Is there anyone in NOV 2025ğŸ˜ğŸ˜... Taylor swift is a genius at all timesâ¤â¤â¤â¤,3,2025-11-07T13:48:17Z,neutral
@RettaNox,"""All that time i spent alone in my tower u were just honinig ur powers""

Reminds me of Rapunzel",2,2025-11-07T22:26:52Z,negative
@WuWeiyinGsps,all swifties must like here!ğŸ¤—,2,2025-11-08T06:37:18Z,neutral
@boatmatt27,SLAYYYYYYâ¤,2,2025-11-08T17:42:57Z,neutral
@ppavithra2245,"I request my message should reach the director, choreography etc of this song. Has anybody seen there was a beautiful great lady who might be affected from albinism, the one who holds the life ring but without any discrimination the director has accepted the beauty in her n gave the chance for showcasing her talent... Beautiful and kind hearted  people at this generation...greatğŸ‰",1,2025-11-07T18:18:11Z,positive
@yukira_0160,AHHH I LOVE YOU VERY MUCH TAYLOR SWIFT YOUR SO BEAUTIFUL â¤â¤â¤â¤,1,2025-11-07T07:41:32Z,positive
@dontstooopgetitgetit,this lowkey sounds like trouble is a friend by LenkağŸ˜©ğŸ˜©,1,2025-11-08T14:57:38Z,negative
@gods_angel.__x,Keep streaming â¤,1,2025-11-07T09:38:42Z,neutral
@veronicaisi6151,"Itâ€™s such a perfect masterpiece. I love it so much. Thank you, Taylor. ğŸ’–",1,2025-11-07T22:39:15Z,positive
@iryna0188,Sheâ€™s is slaying!!!!!! :),4,2025-11-08T01:17:00Z,positive
@emmaakesson834,Omg!!!!!! I love Taylor Swift keep goingâ¤â¤â¤â¤ your amazingâ¤â¤â¤â¤â¤â¤ donâ€™t stopğŸ‰ğŸ‰ğŸ‰ğŸ‰ğŸ‰,4,2025-11-07T16:59:07Z,positive
@sophiekirkwood2039,The blonde wigs at the start are everything â¤ï¸,0,2025-11-07T07:58:36Z,neutral
@JoyfulLeopardSeal-os9kz,I have the same birthday as herğŸ˜‚ December 13,4,2025-11-08T00:35:49Z,neutral
@WhisperingWheels-v4p,"Ophelia is a character from Shakespeare's Hamlet, a young noblewoman whoâ€™s manipulated by her father and the king, rejected by Hamlet, and ultimately driven to madness.  Sheâ€™s often seen as a symbol of innocence crushed by political and emotional chaos.",4,2025-11-07T14:29:08Z,neutral
@danitandrea,"No me puedo quitar esta cancion de la cabeza, solo conocÃ­a a Taylor Swift por nombre, ojalÃ¡ que tenga mÃ¡s canciones asÃ­, a buscar sus canciones ğŸ¤“",1,2025-11-07T19:30:36Z,neutral
@chrystaldlabal4935,Wonder how long it took to film all these scenes...fantastic,1,2025-11-08T04:49:08Z,negative
@sofianezoubiri7392,What I love about her songs is that the lyrics are not clichÃ© â¤â¤â¤â¤â¤â¤â¤,1,2025-11-07T21:01:43Z,positive
@Lana-Nagy,who's here after 100M ?!ğŸ¤©,3,2025-11-07T14:23:16Z,neutral
@pia4383,Best music video of all times ğŸ‰ğŸ˜Šâ¤,3,2025-11-07T17:20:33Z,positive
@dermaamore1186,Incredible â¤,2,2025-11-07T18:47:19Z,positive
@courtneybloomfield9633,I love seeing Jan's personality after watching him on DWTS,1,2025-11-07T18:23:57Z,positive
@TamsinFairbourne,Addicted to this sound,1,2025-11-07T14:30:05Z,neutral
@jonasdacuba6545,I really love this mvâ¤ï¸â€ğŸ”¥,2,2025-11-07T13:33:11Z,positive
@carlyestilow8881,After over a month listening and watching repeatedly ğŸ˜.. this is the greatest ever,1,2025-11-08T02:41:54Z,positive
@NLillianBb,1:42 make me think of the girl from brave,4,2025-11-07T22:11:30Z,positive
@lifesurvivor4154,Oh the smile this song places on my face every single time no matter what mood Iâ€™m in ğŸ˜,5,2025-11-06T17:50:22Z,positive
@happymango1176,"Not a fan,I like a few songs of Taylor but I just LOVE LOVE this song.This her best one yet",2,2025-11-07T11:12:06Z,positive
@connies8901,"i'm not a Swiftie, but with this song she's got me.",4,2025-11-07T00:41:13Z,neutral
@AmandaCristobal-d6j,"Who is here after a month of this epic video out
ğŸ‘‡",3,2025-11-08T06:58:04Z,positive
@rosytta,Insane,3,2025-11-08T13:51:12Z,negative
@TaemEssa,240M viewers congratulations ğŸ‰,2,2025-11-08T12:07:16Z,neutral
@GenaroMacchiaroli-b9r,VIDEO OF THE YEAR,4,2025-11-07T01:03:26Z,neutral
@Addy_ispreppyyy,OKAY NOW TAYLOR IS TWERKING-,1,2025-11-08T01:01:23Z,positive
@rudyrawcliffe8532,I've seen you belong with me.Shake it off so many,1,2025-11-07T20:07:58Z,positive
@ahmedaasem1802,It sounds like a mix of 2010- 2015 hits,2,2025-11-08T09:01:35Z,neutral
@GeverPalut,Alguien escucha cada dÃ­a?,3,2025-11-08T18:23:12Z,neutral
@Bandar-v7d,Omg big fan i love Taylor and I wish to go to a concert,1,2025-11-07T09:12:29Z,positive
@Brandin-James,Absolutely brilliant. Costumes make up and hair and the choreography and stage set up â¤,6,2025-11-06T17:19:42Z,positive
@veronicaisi6151,"If she were to release another video, which one would you wish for? ğŸ¬ğŸ’–â¤ï¸â€ğŸ”¥",3,2025-11-06T15:44:15Z,neutral
@thegodblogger3812,Honestly my biggest reason for liking Taylor Swift is because so many people I know don't.,0,2025-11-07T19:12:33Z,positive
@kewpie-cat,this can be a whole musical on its own omg,0,2025-11-07T19:21:36Z,positive
@UtiAdjeran,"Ladies and Gentleman give it up for Princess Taylor Swift of Her sweetest song, super vibe and super  ğŸ…’ğŸ…ğŸ…ğŸ…› in the end of 2025 *Fate of Ophelia*  ğŸ‰â¤",2,2025-11-07T15:24:09Z,positive
@EmilyTrovato-m8d,Taylor swift i love you! â¤â¤,1,2025-11-07T13:19:15Z,positive
@MuammarZackyNatuwah,Anyone 2025?ğŸ˜‚,2,2025-11-08T18:50:54Z,neutral
@lifeisthetruthofbeauty,Boss Woman ğŸ˜Š,3,2025-11-07T16:11:57Z,neutral
@Julesiscools,I can't get ts out my head bro,1,2025-11-07T08:10:55Z,neutral
@mrangry1960,"I'm a massive 70s fan so this is well outside my era, but I love it!",1,2025-11-07T15:20:18Z,positive
@ViJonesArtistforthePeople,Swiftie for Life!,1,2025-11-07T14:43:53Z,neutral
@SaphoWorld,My life path number is 13.,1,2025-11-07T18:36:44Z,neutral
@lemmecriticyou,BEST SONG EVER!!!!ğŸ’œ #TaylorSwifttheSongHealer,2,2025-11-08T14:42:51Z,positive
@chiuso__persempre-y3g,I love Song â¤,3,2025-11-08T15:53:27Z,positive
@Lena-rel,Luv the dresses â¤,1,2025-11-08T03:16:42Z,neutral
@chubbychubs4636,I really like this and I'm a 60 year old man ğŸ˜…,1,2025-11-07T13:22:29Z,positive
@veronicaisi6151,"Thank you, Taylor, for this masterpiece once again. I truly love it so much. ğŸ’–",1,2025-11-08T15:55:06Z,positive
@nabakkajamidah8293,It's perfect ğŸ˜¢ğŸ˜¢ğŸ˜¢ğŸ˜¢ğŸ˜¢,1,2025-11-08T12:09:01Z,positive
@MrFthibodeau,We are doing a vidÃ©o about the Easter eggs in the fate of Ophelia music video,4,2025-11-07T17:22:42Z,neutral
@SpicyRavenClaw,"November 8, 2025. Anyone?ğŸ§¡ğŸ’š",3,2025-11-08T02:03:03Z,neutral
@allenviado1824,Ariana's low note is healing meğŸ’“ğŸ’š,0,2025-11-07T12:47:21Z,neutral
@anishabasu4709,Played it 40 times back to back,6,2025-11-06T23:21:44Z,neutral
@VishalMishra-ge2ef,GotchağŸ˜Š,1,2025-11-07T19:23:39Z,neutral
@noducksgivenandthensome2547,"Im not really a Taylor Swift fan, but I'll be damed if this song doesn't slap",3,2025-11-06T17:45:49Z,negative
@occamylul,2027 Grammy's Here We Come!!,2,2025-11-07T16:41:57Z,neutral
@katieTay1696,Has any else caught on that this song is about travis or is it just me? she caught a football at 3:28 and sheâ€™s talking about how he saved her from fate of Ophelia,1,2025-11-08T14:06:18Z,neutral
@Emy-s8j2r,"100 million views? That's amazing! It's insane! I never expected the song to reach that many views in less than a month, but you deserve it, Taylor. And like I said before, I'll be the first to celebrate this achievement, and that's exactly what I did. Remind me when the song reaches 200 million views. I'm waiting for that number!",4,2025-11-06T17:08:06Z,positive
@OG.Malibu,Not a billion views? Iâ€™m mad now ğŸ‘¿,5,2025-11-07T00:41:25Z,negative
@mikkomustalampi8855,MASTERPIECE,1,2025-11-07T20:50:52Z,neutral
@niolss,Max Martin is a genius. Would love to watch this happen in the studio,2,2025-11-06T22:18:14Z,positive
@bg9217,To see the utter joy in her face singing this song is so satisfying.  A true piece of art.,0,2025-11-07T23:41:40Z,positive
@IjRp-b2x,"â¤ğŸ¶ *I swore My loyalty to ME, MY SELF and I* ğŸ¶...â¤",3,2025-11-07T01:06:12Z,neutral
@AASNunTy,This song has brought me back to Tay! Iâ€™m so happy for her that she met Travis and feels so loved on by him. Thatâ€™s pretty special. Iâ€™m rooting for them âœ¨,0,2025-11-07T18:08:57Z,positive
@Adventureswithcassidy,I hope Taylor swift makes a song with my name in it one day what a blessing ğŸ¥¹ğŸ™ğŸ½âœ¨,0,2025-11-07T19:30:22Z,neutral
@Be_mine_cookie_0kayy,My new fav song ofc!!!,1,2025-11-08T13:15:07Z,positive
@MiaKatarinaÅ vigelj-n6v,Someone watching it today?,3,2025-11-07T15:23:49Z,neutral
@JÃºlia-b9b9g,0:57 outfit was cool 2:25 and 2:09,1,2025-11-07T15:41:47Z,positive
@kristin9905,Anyone watching today? ğŸ¶ğŸ§¡,1,2025-11-07T10:47:51Z,neutral
@Taraliv-34,November 2025 somebody? â¤,2,2025-11-08T06:40:01Z,neutral
@ladialestari1397,"The first time i heard this song, i like so muchâ¤â¤",1,2025-11-08T04:42:01Z,positive
@gods_angel.__x,Keep streaming,1,2025-11-07T09:38:02Z,neutral
@kayliahferrero,Looooove this song im addicted to it â¤â¤â¤â¤â¤,1,2025-11-08T08:09:11Z,negative
@marie-claudecarignan9147,I love this song,1,2025-11-08T18:26:00Z,positive
@MahikantaRay,Anyone today?,4,2025-11-07T15:36:02Z,neutral
@mor9361,First song i really like from taylor. How is this a Taylor swift song and does not have 4 billion views?,1,2025-11-07T13:03:04Z,positive
@booklover19200,Petition for Taylor Swift to hold a concert in Greece ğŸ‡¬ğŸ‡·ğŸ‡¬ğŸ‡·ğŸ‡¬ğŸ‡·ğŸ”œğŸ”œğŸ”œğŸ™ğŸ™ğŸ™,3,2025-11-07T06:05:12Z,neutral
@ZahraSalari-k4b,I love herâ¤,1,2025-11-07T07:48:24Z,positive
@LeDavid-v2c,Love this song â¤,1,2025-11-07T16:09:28Z,positive
@Kutay_Ozturk,Finally She is back aand Finally I am prouding From Katy Fan,1,2025-11-07T16:14:33Z,neutral
@AbdoAbdoMmss,Anyone here â¤â¤â¤,2,2025-11-08T02:13:25Z,neutral
@Ididntaskforahandleyoutube,I'm a 50 year old Gen X Seattle Hipster and I love this. Great music should always crush borders.,0,2025-11-07T20:34:15Z,positive
@Ismael.Rub.s90,"Darling, you're the best dancer, a real sweetheart. Greetings, I'm pure Moroccan. â¤ğŸ˜Š",1,2025-11-07T21:11:24Z,positive
@nrfeyza,Ä°M OBSESSeD WÄ°TH THÄ°S SONG,2,2025-11-07T10:22:32Z,negative
@Unplugshark,0:43 popular part,1,2025-11-08T17:37:50Z,positive
